Workbook

Sheet CLIENTES
A1: ID | B1: NOMBRE | C1: APELLIDO | D1: CIUDAD | E1: TELEFONO
A2: C1 | B2: MARIO | C2: RIVERO | D2: PALMIRA | E2: 3051234000
A3: C2 | B3: PEDRO | C3: SANCHEZ | D3: CALI | E3: 3051234001
A4: C3 | B4: ANA | C4: GARCIA | D4: BUGA | E4: 3051234002
A5: C4 | B5: JOSE | C5: LOPÉZ | D5: TULUA | E5: 3051234003
A6: C5 | B6: NEHOMAR | C6: HERNANDEZ | D6: CERRITO | E6: 3051234004
A7: C6 | B7: XIOMARA | C7: GONZALEZ | D7: PALMIRA | E7: 3051234005
A8: C7 | B8: LEIDY | C8: PEREZ | D8: CALI | E8: 3051234006
A9: C8 | B9: JHOANA | C9: SANCHEZ | D9: BUGA | E9: 3051234007
A10: C9 | B10: JEIDRY | C10: RAMIREZ | D10: TULUA | E10: 3051234008
A11: C10 | B11: MARIA | C11: TORRES | D11: CERRITO | E11: 3051234009
A12: C11 | B12: DERLING | C12: FLORES | D12: PALMIRA | E12: 3051234010
A13: C12 | B13: EVELIN | C13: RIVERA | D13: CALI | E13: 3051234011
... A21: C20 | B21: VALENTINA | C21: NAVARRO | D21: CERRITO | E21: 3051234019

Sheet EMPLEADOS
A1: ID | B1: NOMBRE COMPLETO | C1: TELEFONO
A2: E1 | B2: MARIA CORINA | C2: 3061234004
A3: E2 | B3: DELCY RODRIGUEZ | C3: 3061234005
A4: E3 | B4: DIOSDADO CABELLO | C4: 3061234006
A5: E4 | B5: NICOLAS MADURO | C5: 3061234007
A6: E5 | B6: PETRO HURREGO | C6: 3061234008
A7: E6 | B7: ALVARO URIBE | C7: 3061234009
A8: E7 | B8: VICTOR RAMOS | C8: 3061234010
A9: E8 | B9: DILIAN TORO | C9: 3061234011
A10: E9 | B10: EDER GARCES | C10: 3061234012
A11: E10 | B11: GUSTAVO PINILLA (GUAYENECHE) | C11: 3061234013

Sheet PRODUCTOS
A1: ID | B1: NOMBRE DEL PRODUCTO | C1: V. UNITARIO
A2: P1 | B2: PATOJITO | C2: 2324
A3: P2 | B3: AXION | C3: 1875
A4: P3 | B4: JABON REY | C4: 2190
A5: P4 | B5: FAB | C5: 3440
A6: P5 | B6: CEPILLO DENTAL | C6: 4334
A7: P6 | B7: AGUA MIA | C7: 1865
A8: P7 | B8: BIG COLA PERSONAL | C8: 1361
A9: P8 | B9: BIG COLA LITRO | C9: 4016
A10: P9 | B10: JABON LIQUIDO | C10: 4173
A11: P10 | B11: JUGO DEL VALLE | C11: 3433
A12: P11 | B12: RECOJEDOR | C12: 4756
A13: P12 | B13: ESCOBA | C13: 4519
... A21: P20 | B21: LECHE 500ML | C21: 3834

Sheet FACTURACION
E6: ID CLIENTES
E7: ID EMPLEADOS
E8: NOMBRE COMPLETO | G8: =IFERROR(VLOOKUP(G7,EMPLEADOS[],2,0),"")
E9: TELEFONO | G9: =IFERROR(VLOOKUP(G7,EMPLEADOS[],3,0),"") | L9: FECHA | M9: =TODAY() -> 46155
E10: DATOS CLIENTES
E13: NOMBRE | F13: =IFERROR(VLOOKUP(G6,CLIENTES[],2,0),"") | J13: CIUDAD | K13: =IFERROR(VLOOKUP(G6,CLIENTES[],4,0),"")
E14: APELLIDO | F14: =IFERROR(VLOOKUP(G6,CLIENTES[],3,0),"") | J14: TELEFONO | K14: =IFERROR(VLOOKUP(G6,CLIENTES[],5,0),"")
E15: DATOS PRODUCTOS
E18: ID | F18: NOMBRE PRODUCTO | J18: CANTIDAD | L18: V. UNITARIO | M18: V.TOTAL
F19: =IFERROR(VLOOKUP(E19,PRODUCTOS!$A$2:$C$21,2,0),"") | J19: 1 | L19: =IFERROR(VLOOKUP(E19,PRODUCTOS!$A$2:$C$21,3,0),0) -> 0 | M19: =J19*L19 -> 0
F20: =IFERROR(VLOOKUP(E20,PRODUCTOS!$A$2:$C$21,2,0),"") | J20: 2 | L20: =IFERROR(VLOOKUP(E20,PRODUCTOS!$A$2:$C$21,3,0),0) -> 0 | M20: =IFERROR(J20*L20,0) -> 0
F21: =IFERROR(VLOOKUP(E21,PRODUCTOS!$A$2:$C$21,2,0),"") | J21: 3 | L21: =IFERROR(VLOOKUP(E21,PRODUCTOS!$A$2:$C$21,3,0),0) -> 0 | M21: =IFERROR(J21*L21,0) -> 0
F22: =IFERROR(VLOOKUP(E22,PRODUCTOS!$A$2:$C$21,2,0),"") | J22: 4 | L22: =IFERROR(VLOOKUP(E22,PRODUCTOS!$A$2:$C$21,3,0),0) -> 0 | M22: =IFERROR(J22*L22,0) -> 0
F23: =IFERROR(VLOOKUP(E23,PRODUCTOS!$A$2:$C$21,2,0),"") | J23: 5 | L23: =IFERROR(VLOOKUP(E23,PRODUCTOS!$A$2:$C$21,3,0),0) -> 0 | M23: =IFERROR(J23*L23,0) -> 0
F24: =IFERROR(VLOOKUP(E24,PRODUCTOS!$A$2:$C$21,2,0),"") | J24: 6 | L24: =IFERROR(VLOOKUP(E24,PRODUCTOS!$A$2:$C$21,3,0),0) -> 0 | M24: =IFERROR(J24*L24,0) -> 0
F25: =IFERROR(VLOOKUP(E25,PRODUCTOS!$A$2:$C$21,2,0),"") | J25: 7 | L25: =IFERROR(VLOOKUP(E25,PRODUCTOS!$A$2:$C$21,3,0),0) -> 0 | M25: =IFERROR(J25*L25,0) -> 0
F26: =IFERROR(VLOOKUP(E26,PRODUCTOS!$A$2:$C$21,2,0),"") | J26: 8 | L26: =IFERROR(VLOOKUP(E26,PRODUCTOS!$A$2:$C$21,3,0),0) -> 0 | M26: =IFERROR(J26*L26,0) -> 0
L27: SUBTOTAL | M27: =SUM(M19:N26) -> 0
L28: IVA (19%) | M28: =M27*19% -> 0
L29: TOTAL | M29: =SUM(M27:N28) -> 0
